{
    "sum": 10606388.0,
    "avr": 329.76985977676213,
    "sumMD": 49224.0,
    "avrMD": 325.9867549668874,
    "sumSD": 51002.0,
    "avrSD": 337.7615894039735,
    "max_value": 616.0,
    "min_value": 47.0
}